tpm V(G)/V(p)	gene	tpm -log10(fdr)	firebrowse V(G)/V(p)	firebrowse -log10(fdr)	pancan V(G)/V(p)	pancan -log10(fdr)	consensus V(g)/V(p)	consensus fdr
1e-06	B2M	0.3010299088050935	1e-06	0.3010299088050935	1e-06	0.3010299088050935	0	0
1e-06	CDK2	0.3010299088050935	1e-06	0.3010299088050935	1e-06	0.3010299088050935	0	0
0.0014810000000000001	SLC25A40	0.3010299088050935	0.001794	0.3010299088050935	0.002653	0.3010299088050935	0	0
1e-06	TGFBR2	0.3010299088050935	1e-06	0.3010299088050935	1e-06	0.3010299088050935	0	0
0.0015	OAS2	0.3010299088050935	1e-06	0.3010299088050935	0.000621	0.3010299088050935	0	0
0.000725	DYNC1H1	0.3010299088050935	1e-06	0.3010299088050935	1e-06	0.3010299088050935	0	0
1e-06	SEC23A	0.3010299088050935	1e-06	0.3010299088050935	1e-06	0.3010299088050935	0	0
1e-06	HMGB1	0.3010299088050935	0.00021600000000000002	0.3010299088050935	1e-06	0.3010299088050935	0	0
1e-06	SMAD4	0.3010299088050935	0.000172	0.3010299088050935	1e-06	0.3010299088050935	0	0
1e-06	SNAP23	0.3010299088050935	1e-06	0.3010299088050935	1e-06	0.3010299088050935	0	0
0.522762	HLA.DRB3	5.507176942635074					0	0
0.0044399999999999995	STAT1	0.3010299088050935	0.004582999999999999	0.3010299088050935	0.0035619999999999996	0.3010299088050935	0	0
1e-06	THBS1	0.3010299088050935	1e-06	0.3010299088050935	1e-06	0.3010299088050935	0	0
0.000138	SMAD3	0.3010299088050935	0.001279	0.3010299088050935	1e-06	0.3010299088050935	0	0
1e-06	DBNDD1	0.3010299088050935	1e-06	0.3010299088050935	1e-06	0.3010299088050935	0	0
1e-06	DOCK2	0.3010299088050935	1e-06	0.3010299088050935	1e-06	0.3010299088050935	0	0
1e-06	MRPS16	0.3010299088050935	1e-06	0.3010299088050935	1e-06	0.3010299088050935	0	0
0.0023	IFRD2	0.3010299088050935	0.000357	0.3010299088050935	0.001188	0.3010299088050935	0	0
1e-06	KIF18A	0.3010299088050935	1e-06	0.3010299088050935	1e-06	0.3010299088050935	0	0
1e-06	JAK1	0.3010299088050935	1e-06	0.3010299088050935	1e-06	0.3010299088050935	0	0
1e-06	ALOX5AP	0.3010299088050935	1e-06	0.3010299088050935	1e-06	0.3010299088050935	0	0
0.004926	WNT2B	0.3010299088050935	0.002968	0.3010299088050935	0.002315	0.3010299088050935	0	0
1e-06	FNBP1	0.3010299088050935	1e-06	0.3010299088050935	1e-06	0.3010299088050935	0	0
0.000733	CD247	0.3010299088050935	1e-06	0.3010299088050935	1e-06	0.3010299088050935	0	0
0.0012929999999999999	SEC24D	0.3010299088050935	0.000509	0.3010299088050935	0.0008470000000000001	0.3010299088050935	0	0
0.001586	COL6A3	0.3010299088050935	0.00206	0.3010299088050935	0.000976	0.3010299088050935	0	0
0.002054	CD40	0.3010299088050935	0.001306	0.3010299088050935	0.003356	0.3010299088050935	0	0
1e-06	PPIH	0.3010299088050935	1e-06	0.3010299088050935	1e-06	0.3010299088050935	0	0
0.0016460000000000001	CD8A	0.3010299088050935	0.0011560000000000001	0.3010299088050935	0.0015300000000000001	0.3010299088050935	0	0
0.00283	IFI44	0.3010299088050935	0.0015019999999999999	0.3010299088050935	0.00143	0.3010299088050935	0	0
1e-06	SEC24C	0.3010299088050935	0.001011	0.3010299088050935	0.0013189999999999999	0.3010299088050935	0	0
0.00091	KLRK1	0.3010299088050935	0.001118	0.3010299088050935	0.001124	0.3010299088050935	0	0
0.0009660000000000001	LAMA4	0.3010299088050935	0.0022010000000000003	0.3010299088050935	0.002654	0.3010299088050935	0	0
0.003229	CD6	0.3010299088050935	0.0006	0.3010299088050935	0.001256	0.3010299088050935	0	0
0.001966	KIF3B	0.3010299088050935	0.003274	0.3010299088050935	0.003693	0.3010299088050935	0	0
1e-06	KIF22	0.3010299088050935	1e-06	0.3010299088050935	1e-06	0.3010299088050935	0	0
1e-06	FCGR1B	0.3010299088050935	1e-06	0.3010299088050935	1e-06	0.3010299088050935	0	0
0.001704	DYNLL1	0.3010299088050935	0.001118	0.3010299088050935	0.00041900000000000005	0.3010299088050935	0	0
1e-06	MKKS	0.3010299088050935	1e-06	0.3010299088050935	1e-06	0.3010299088050935	0	0
0.0015689999999999999	RHOB	0.3010299088050935	1e-06	0.3010299088050935	1e-06	0.3010299088050935	0	0
1e-06	HN1L	0.3010299088050935	1e-06	0.3010299088050935	1e-06	0.3010299088050935	0	0
0.00035800000000000003	TNFRSF9	0.3010299088050935	0.000463	0.3010299088050935	1e-06	0.3010299088050935	0	0
1e-06	JUP	0.3010299088050935	1e-06	0.3010299088050935	1e-06	0.3010299088050935	0	0
1e-06	EP300	0.3010299088050935	1e-06	0.3010299088050935	1e-06	0.3010299088050935	0	0
0.001634	RAB35	0.3010299088050935	1e-06	0.3010299088050935	1e-06	0.3010299088050935	0	0
0.000113	PDCD1	0.3010299088050935	1e-06	0.3010299088050935	1e-06	0.3010299088050935	0	0
1e-06	PSMD9	0.3010299088050935	1e-06	0.3010299088050935	1e-06	0.3010299088050935	0	0
1e-06	LAMB1	0.3010299088050935	1e-06	0.3010299088050935	1e-06	0.3010299088050935	0	0
1e-06	RAC1	0.3010299088050935	1e-06	0.3010299088050935	1e-06	0.3010299088050935	0	0
1e-06	EPHB4	0.3010299088050935	1e-06	0.3010299088050935	1e-06	0.3010299088050935	0	0
0.0006900000000000001	MS4A1	0.3010299088050935	2.9999999999999997e-05	0.3010299088050935	0.000171	0.3010299088050935	0	0
0.001737	SYK	0.3010299088050935	1e-06	0.3010299088050935	1e-06	0.3010299088050935	0	0
0.0018030000000000001	PTGER4	0.3010299088050935	1e-06	0.3010299088050935	1e-06	0.3010299088050935	0	0
0.0009689999999999999	FCRL2	0.3010299088050935					0	0
0.004325	PDAP1	0.3010299088050935	0.001531	0.3010299088050935	0.001515	0.3010299088050935	0	0
1e-06	LYZ	0.3010299088050935	1e-06	0.3010299088050935	1e-06	0.3010299088050935	0	0
1e-06	PSMC5	0.3010299088050935	1e-06	0.3010299088050935	1e-06	0.3010299088050935	0	0
0.00064	IL18	0.3010299088050935	0.001309	0.3010299088050935	0.001394	0.3010299088050935	0	0
0.0012230000000000001	CD209	0.3010299088050935	0.000559	0.3010299088050935	0.00075	0.3010299088050935	0	0
1e-06	RNASE6	0.3010299088050935	1e-06	0.3010299088050935	1e-06	0.3010299088050935	0	0
0.000699	TIMP1	0.3010299088050935	1e-06	0.3010299088050935	2.8000000000000003e-05	0.3010299088050935	0	0
1e-06	PSMC2	0.3010299088050935	0.000225	0.3010299088050935	0.00035800000000000003	0.3010299088050935	0	0
1e-06	NOP16	0.3010299088050935	0.000167	0.3010299088050935	1e-06	0.3010299088050935	0	0
1e-06	SNRPD1	0.3010299088050935	1e-06	0.3010299088050935	1e-06	0.3010299088050935	0	0
0.004099	TAGLN	0.3010299088050935	0.002588	0.3010299088050935	0.0019199999999999998	0.3010299088050935	0	0
1e-06	MRPL12	0.3010299088050935	1e-06	0.3010299088050935	1e-06	0.3010299088050935	0	0
1e-06	CEP78	0.3010299088050935	1e-06	0.3010299088050935	1e-06	0.3010299088050935	0	0
1e-06	RAB32	0.3010299088050935	1e-06	0.3010299088050935	1e-06	0.3010299088050935	0	0
1e-06	CEACAM3	0.3010299088050935					0	0
0.0033079999999999997	EMP2	0.3010299088050935	0.002311	0.3010299088050935	0.002184	0.3010299088050935	0	0
1e-06	MYL6	0.3010299088050935	1e-06	0.3010299088050935	1e-06	0.3010299088050935	0	0
0.0019690000000000003	EPHB3	0.3010299088050935	8e-05	0.3010299088050935	0.000731	0.3010299088050935	0	0
0.003375	TAB1	0.3010299088050935	0.003386	0.3010299088050935	0.00233	0.3010299088050935	0	0
1e-06	FCGRT	0.3010299088050935	1e-06	0.3010299088050935	1e-06	0.3010299088050935	0	0
1e-06	LCP2	0.3010299088050935	1e-06	0.3010299088050935	1e-06	0.3010299088050935	0	0
1e-06	WAS	0.3010299088050935	1e-06	0.3010299088050935	1e-06	0.3010299088050935	0	0
0.003626	TOMM40	0.3010299088050935	0.000638	0.3010299088050935	0.000576	0.3010299088050935	0	0
1e-06	VSIG4	0.3010299088050935	1e-06	0.3010299088050935	1e-06	0.3010299088050935	0	0
0.002506	AP2M1	0.3010299088050935	0.0048460000000000005	0.3010299088050935	1e-06	0.3010299088050935	0	0
0.002477	COL3A1	0.3010299088050935	0.003188	0.3010299088050935	0.001549	0.3010299088050935	0	0
1e-06	NUDT1	0.3010299088050935	1e-06	0.3010299088050935	1e-06	0.3010299088050935	0	0
1e-06	SLC7A7	0.3010299088050935	1e-06	0.3010299088050935	1e-06	0.3010299088050935	0	0
0.003805	RBM14	0.3010299088050935	0.004606	0.3010299088050935	0.005591	0.3798508539006784	0	0
1e-06	MAP3K8	0.3010299088050935	1e-06	0.3010299088050935	1e-06	0.3010299088050935	0	0
1e-06	PDIA4	0.3010299088050935	1e-06	0.3010299088050935	1e-06	0.3010299088050935	0	0
1e-06	PTPRC	0.3010299088050935	1e-06	0.3010299088050935	1e-06	0.3010299088050935	0	0
0.00144	PSMD7	0.3010299088050935	1e-06	0.3010299088050935	0.000837	0.3010299088050935	0	0
1e-06	PDIA3	0.3010299088050935	1e-06	0.3010299088050935	1e-06	0.3010299088050935	0	0
1e-06	SLC11A1	0.3010299088050935	1e-06	0.3010299088050935	1e-06	0.3010299088050935	0	0
0.0034159999999999998	MARVELD2	0.3010299088050935	0.0020350000000000004	0.3010299088050935	0.001361	0.3010299088050935	0	0
0.001349	PSMD10	0.3010299088050935	0.001905	0.3010299088050935	0.0022199999999999998	0.3010299088050935	0	0
0.002564	PAK1	0.3010299088050935	0.000105	0.3010299088050935	8.4e-05	0.3010299088050935	0	0
1e-06	CD207	0.3010299088050935	1e-06	0.3010299088050935	1e-06	0.3010299088050935	0	0
0.00324	SPIB	0.3010299088050935	1e-06	0.3010299088050935	1e-06	0.3010299088050935	0	0
0.006222	SNRPC	0.5661904701059384	0.000512	0.3010299088050935	0.002624	0.3010299088050935	0	0
0.001044	CD79B	0.3010299088050935	1e-06	0.3010299088050935	1e-06	0.3010299088050935	0	0
1e-06	APOC1	0.3010299088050935	1e-06	0.3010299088050935	1e-06	0.3010299088050935	0	0
1e-06	SMC2	0.3010299088050935	1e-06	0.3010299088050935	1e-06	0.3010299088050935	0	0
1e-06	SAMHD1	0.3010299088050935	1e-06	0.3010299088050935	1e-06	0.3010299088050935	0	0
1e-06	CLEC4A	0.3010299088050935	1e-06	0.3010299088050935	1e-06	0.3010299088050935	0	0
1e-06	NUP35	0.3010299088050935	1e-06	0.3010299088050935	1e-06	0.3010299088050935	0	0
1e-06	HNRNPR	0.3010299088050935	1e-06	0.3010299088050935	1e-06	0.3010299088050935	0	0
1e-06	CELF2	0.3010299088050935	1e-06	0.3010299088050935	1e-06	0.3010299088050935	0	0
1e-06	HCLS1	0.3010299088050935	1e-06	0.3010299088050935	1e-06	0.3010299088050935	0	0
0.006581	RAB4A	0.5478555257250106	0.004896	0.3010299088050935	0.005399	0.3010299088050935	0	0
0.003048	DDX58	0.3010299088050935	0.001328	0.3010299088050935	0.000675	0.3010299088050935	0	0
1e-06	MMP14	0.3010299088050935	0.0007599999999999999	0.3010299088050935	1e-06	0.3010299088050935	0	0
0.000349	LM22.T.cells.CD8	0.3010299088050935					0	0
8.499999999999999e-05	CCT5	0.3010299088050935	0.002722	0.3010299088050935	0.002436	0.3010299088050935	0	0
1e-06	MS4A4A	0.3010299088050935	1e-06	0.3010299088050935	1e-06	0.3010299088050935	0	0
0.006684999999999999	AP2A1	0.6549702406535608	0.005733	0.36912847479822347	0.004089	0.3010299088050935	0	0
1e-06	PSME1	0.3010299088050935	1e-06	0.3010299088050935	1e-06	0.3010299088050935	0	0
1e-06	SPRYD7	0.3010299088050935	1e-06	0.3010299088050935	1e-06	0.3010299088050935	0	0
0.003967	TGFB3	0.3010299088050935	0.003997	0.3010299088050935	0.003333	0.3010299088050935	0	0
0.002299	TPI1	0.3010299088050935	1e-06	0.3010299088050935	1e-06	0.3010299088050935	0	0
0.000989	VDAC1	0.3010299088050935	0.001645	0.3010299088050935	0.001577	0.3010299088050935	0	0
1e-06	ITGA6	0.3010299088050935	1e-06	0.3010299088050935	1e-06	0.3010299088050935	0	0
1e-06	FYB	0.3010299088050935	0.000487	0.3010299088050935	1e-06	0.3010299088050935	0	0
0.00036899999999999997	NRIP3	0.3010299088050935	0.00024300000000000002	0.3010299088050935	0.000296	0.3010299088050935	0	0
1e-06	VEGFA	0.3010299088050935	1e-06	0.3010299088050935	1e-06	0.3010299088050935	0	0
1e-06	EIF4G1	0.3010299088050935	1e-06	0.3010299088050935	1e-06	0.3010299088050935	0	0
1e-06	FCGR3A	0.3010299088050935	1e-06	0.3010299088050935	1e-06	0.3010299088050935	0	0
1e-06	UMPS	0.3010299088050935	1e-06	0.3010299088050935	1e-06	0.3010299088050935	0	0
1e-06	FGR	0.3010299088050935	1e-06	0.3010299088050935	1e-06	0.3010299088050935	0	0
1e-06	DYNC1LI2	0.3010299088050935	1e-06	0.3010299088050935	1e-06	0.3010299088050935	0	0
1e-06	RAB3C	0.3010299088050935					0	0
0.0016530000000000002	GZMB	0.3010299088050935	0.001083	0.3010299088050935	0.000643	0.3010299088050935	0	0
1e-06	MNDA	0.3010299088050935	1e-06	0.3010299088050935	1e-06	0.3010299088050935	0	0
1e-06	ADCY7	0.3010299088050935	1e-06	0.3010299088050935	1e-06	0.3010299088050935	0	0
1e-06	SKA2	0.3010299088050935	1e-06	0.3010299088050935	1e-06	0.3010299088050935	0	0
1e-06	MT1F	0.3010299088050935	0.002794	0.3010299088050935	0.0024739999999999996	0.3010299088050935	0	0
0.127565	BTN3A2	5.507176942635074	0.12511	5.343964620427526	0.125684	5.379586409848517	2	2
1e-06	DHFR	0.3010299088050935	0.0020989999999999997	0.3010299088050935	0.00238	0.3010299088050935	0	0
0.002097	HERC5	0.3010299088050935	0.001131	0.3010299088050935	1e-06	0.3010299088050935	0	0
1e-06	TNFSF9	0.3010299088050935	1e-06	0.3010299088050935	1e-06	0.3010299088050935	0	0
1e-06	PNN	0.3010299088050935	1e-06	0.3010299088050935	1e-06	0.3010299088050935	0	0
1e-06	MX1	0.3010299088050935	1e-06	0.3010299088050935	1e-06	0.3010299088050935	0	0
1e-06	IFIT2	0.3010299088050935	2.4e-05	0.3010299088050935	1.2e-05	0.3010299088050935	0	0
0.001757	PSMB4	0.3010299088050935	1e-06	0.3010299088050935	1e-06	0.3010299088050935	0	0
1e-06	RASSF4	0.3010299088050935	1e-06	0.3010299088050935	1e-06	0.3010299088050935	0	0
0.00159	ID2	0.3010299088050935	0.001842	0.3010299088050935	0.0007469999999999999	0.3010299088050935	0	0
1e-06	CENPU	0.3010299088050935	1e-06	0.3010299088050935	1e-06	0.3010299088050935	0	0
1e-06	MAPK3	0.3010299088050935	1e-06	0.3010299088050935	1e-06	0.3010299088050935	0	0
1e-06	NPC2	0.3010299088050935	1e-06	0.3010299088050935	1e-06	0.3010299088050935	0	0
1e-06	KIF2C	0.3010299088050935	0.001082	0.3010299088050935	0.00046399999999999995	0.3010299088050935	0	0
1e-06	HDC	0.3010299088050935	1.8e-05	0.3010299088050935	9.9e-05	0.3010299088050935	0	0
0.000291	CD80	0.3010299088050935	1e-06	0.3010299088050935	1e-06	0.3010299088050935	0	0
0.000784	IGFBP5	0.3010299088050935	0.0019010000000000001	0.3010299088050935	0.001604	0.3010299088050935	0	0
1e-06	FOXP3	0.3010299088050935	1e-06	0.3010299088050935	1e-06	0.3010299088050935	0	0
0.001046	CENPN	0.3010299088050935	0.002186	0.3010299088050935	0.001611	0.3010299088050935	0	0
1e-06	CHEK1	0.3010299088050935	1e-06	0.3010299088050935	1e-06	0.3010299088050935	0	0
1e-06	KLC2	0.3010299088050935	1e-06	0.3010299088050935	1e-06	0.3010299088050935	0	0
1e-06	HYLS1	0.3010299088050935	1e-06	0.3010299088050935	1e-06	0.3010299088050935	0	0
1e-06	PSMA1	0.3010299088050935	1e-06	0.3010299088050935	1e-06	0.3010299088050935	0	0
0.40145	HLA.A	5.507176942635074	0.025394	5.343964620427526	0.024082	5.379586409848517	0	2
1e-06	MAP2K1	0.3010299088050935	1e-06	0.3010299088050935	1e-06	0.3010299088050935	0	0
0.0009310000000000001	DCTN1	0.3010299088050935	9.1e-05	0.3010299088050935	0.000296	0.3010299088050935	0	0
0.000892	SAMD9	0.3010299088050935	1e-06	0.3010299088050935	1e-06	0.3010299088050935	0	0
1e-06	AP1S2	0.3010299088050935	1e-06	0.3010299088050935	1e-06	0.3010299088050935	0	0
8e-05	ITGB3	0.3010299088050935	0.00217	0.3010299088050935	0.001443	0.3010299088050935	0	0
1e-06	C19orf48	0.3010299088050935	1e-06	0.3010299088050935	1e-06	0.3010299088050935	0	0
6.500000000000001e-05	COL16A1	0.3010299088050935	0.000951	0.3010299088050935	0.000771	0.3010299088050935	0	0
7.6e-05	ARHGDIA	0.3010299088050935	0.0017510000000000002	0.3010299088050935	1e-06	0.3010299088050935	0	0
0.183436	HLA.F	5.507176942635074	0.016138999999999997	5.343964620427526	0.017450999999999998	5.379586409848517	0	2
1e-06	PSMA6	0.3010299088050935	1e-06	0.3010299088050935	1e-06	0.3010299088050935	0	0
2.1e-05	DCTN6	0.3010299088050935	0.001905	0.3010299088050935	0.0011	0.3010299088050935	0	0
0.000478	SH2D1A	0.3010299088050935	0.000603	0.3010299088050935	0.00054	0.3010299088050935	0	0
0.00020800000000000001	dice.CD8_STIM	0.3010299088050935	0.002066	0.3010299088050935	0.003011	0.3010299088050935	0	0
1e-06	ARRB2	0.3010299088050935	1e-06	0.3010299088050935	1e-06	0.3010299088050935	0	0
0.000171	KRR1	0.3010299088050935	1e-06	0.3010299088050935	1e-06	0.3010299088050935	0	0
0.00046699999999999997	SLC1A3	0.3010299088050935	0.001219	0.3010299088050935	1e-06	0.3010299088050935	0	0
0.003929	IGFBP2	0.3010299088050935	0.0017649999999999999	0.3010299088050935	0.003368	0.3010299088050935	0	0
1e-06	MYBL2	0.3010299088050935	0.000598	0.3010299088050935	0.000127	0.3010299088050935	0	0
1e-06	FLI1	0.3010299088050935	1e-06	0.3010299088050935	1e-06	0.3010299088050935	0	0
1e-06	dice.TH17	0.3010299088050935					0	0
1e-06	CD3D	0.3010299088050935	1e-06	0.3010299088050935	1e-06	0.3010299088050935	0	0
0.001362	GPLD1	0.3010299088050935	0.000897	0.3010299088050935	0.000197	0.3010299088050935	0	0
0.0026079999999999996	TPM1	0.3010299088050935	0.0017879999999999999	0.3010299088050935	0.00195	0.3010299088050935	0	0
1e-06	HAUS1	0.3010299088050935	1e-06	0.3010299088050935	1e-06	0.3010299088050935	0	0
0.004251	DVL1	0.3010299088050935	0.004526	0.3010299088050935	0.002327	0.3010299088050935	0	0
0.000188	KIF5A	0.3010299088050935					0	0
1e-06	IFI27	0.3010299088050935	1e-06	0.3010299088050935	1e-06	0.3010299088050935	0	0
0.728592	TAPBP	5.507176942635074	0.008839	0.7733007828716606	0.008392	0.8874783598849751	0	0
1e-06	NLN	0.3010299088050935	1e-06	0.3010299088050935	1e-06	0.3010299088050935	0	0
0.001328	LM22.T.cells.follicular.helper	0.3010299088050935	1e-06	0.3010299088050935	1e-06	0.3010299088050935	0	0
1e-06	PIK3CG	0.3010299088050935	1e-06	0.3010299088050935	1e-06	0.3010299088050935	0	0
0.0020859999999999997	CDH6	0.3010299088050935	1e-06	0.3010299088050935	0.000339	0.3010299088050935	0	0
1e-06	melanoma.Macrophages	0.3010299088050935	0.006297	1.3163370186888512	0.006204	1.3763898874964728	0	2
1e-06	PSMD6	0.3010299088050935	1e-06	0.3010299088050935	0.000523	0.3010299088050935	0	0
0.0018809999999999999	GLRX3	0.3010299088050935	1e-06	0.3010299088050935	0.00037200000000000004	0.3010299088050935	0	0
1e-06	EZR	0.3010299088050935	1e-06	0.3010299088050935	1e-06	0.3010299088050935	0	0
1e-06	PLEK	0.3010299088050935	1e-06	0.3010299088050935	1e-06	0.3010299088050935	0	0
1e-06	Wound.Healing	0.3010299088050935	1e-06	0.3010299088050935	1e-06	0.3010299088050935	0	0
1e-06	PSMD11	0.3010299088050935	0.000459	0.3010299088050935	1e-06	0.3010299088050935	0	0
1e-06	IFNGR1	0.3010299088050935	1e-06	0.3010299088050935	1e-06	0.3010299088050935	0	0
1e-06	LMNB2	0.3010299088050935	1e-06	0.3010299088050935	1e-06	0.3010299088050935	0	0
1e-06	FGL2	0.3010299088050935	1e-06	0.3010299088050935	1e-06	0.3010299088050935	0	0
0.000779	SPARC	0.3010299088050935	0.002006	0.3010299088050935	0.0017399999999999998	0.3010299088050935	0	0
1e-06	CD40LG	0.3010299088050935	1e-06	0.3010299088050935	1e-06	0.3010299088050935	0	0
1e-06	KLRB1	0.3010299088050935	1e-06	0.3010299088050935	1e-06	0.3010299088050935	0	0
1e-06	RFC3	0.3010299088050935	0.000346	0.3010299088050935	0.00013700000000000002	0.3010299088050935	0	0
1e-06	IL10	0.3010299088050935	1e-06	0.3010299088050935	1e-06	0.3010299088050935	0	0
0.0008810000000000001	GNLY	0.3010299088050935	0.002147	0.3010299088050935	0.001302	0.3010299088050935	0	0
0.004062	EOMES	0.5003510898116501	0.0028829999999999997	0.3010299088050935	0.0032890000000000003	0.3010299088050935	0	0
0.0013460000000000002	CDH1	0.3010299088050935	0.00082	0.3010299088050935	0.00039	0.3010299088050935	0	0
1e-06	APOE	0.3010299088050935	1e-06	0.3010299088050935	1e-06	0.3010299088050935	0	0
1e-06	PSMD1	0.3010299088050935	1e-06	0.3010299088050935	0.000553	0.3010299088050935	0	0
1e-06	RHOQ	0.3010299088050935	0.000213	0.3010299088050935	0.000692	0.3010299088050935	0	0
0.00267	LRP1	0.3010299088050935	1e-06	0.3010299088050935	0.000202	0.3010299088050935	0	0
0.0019199999999999998	FN1	0.3010299088050935	0.0013109999999999999	0.3010299088050935	0.000906	0.3010299088050935	0	0
0.001101	IDE	0.3010299088050935	0.0015400000000000001	0.3010299088050935	0.002147	0.3010299088050935	0	0
0.000308	PSMC3	0.3010299088050935	1e-06	0.3010299088050935	1e-06	0.3010299088050935	0	0
1e-06	FCGR2A	0.3010299088050935	1e-06	0.3010299088050935	1e-06	0.3010299088050935	0	0
1e-06	VAMP8	0.3010299088050935	1e-06	0.3010299088050935	1e-06	0.3010299088050935	0	0
0.000712	IDO1	0.3010299088050935	0.001637	0.3010299088050935	1e-06	0.3010299088050935	0	0
0.001991	SAR1B	0.3010299088050935	0.001201	0.3010299088050935	0.003192	0.3010299088050935	0	0
0.001529	GGH	0.3010299088050935	0.00013700000000000002	0.3010299088050935	1e-06	0.3010299088050935	0	0
1e-06	CCR7	0.3010299088050935	1e-06	0.3010299088050935	1e-06	0.3010299088050935	0	0
1e-06	LGMN	0.3010299088050935	1e-06	0.3010299088050935	5.6000000000000006e-05	0.3010299088050935	0	0
0.002625	RMND5B	0.3010299088050935	1e-06	0.3010299088050935	1e-06	0.3010299088050935	0	0
1e-06	TPSAB1	0.3010299088050935	1e-06	0.3010299088050935	1e-06	0.3010299088050935	0	0
0.000923	OSBPL1A	0.3010299088050935	0.001532	0.3010299088050935	0.001807	0.3010299088050935	0	0
1e-06	KIF11	0.3010299088050935	1e-06	0.3010299088050935	1e-06	0.3010299088050935	0	0
0.001982	CX3CL1	0.3010299088050935	1e-06	0.3010299088050935	0.001401	0.3010299088050935	0	0
1e-06	EVI2B	0.3010299088050935	1e-06	0.3010299088050935	1e-06	0.3010299088050935	0	0
1e-06	MAP3K7	0.3010299088050935	0.000718	0.3010299088050935	1e-06	0.3010299088050935	0	0
0.00279	EPHB2	0.3010299088050935	1e-06	0.3010299088050935	1e-06	0.3010299088050935	0	0
1e-06	RAB34	0.3010299088050935	1e-06	0.3010299088050935	1e-06	0.3010299088050935	0	0
0.0036609999999999998	PSMD8	0.3010299088050935	1e-06	0.3010299088050935	1e-06	0.3010299088050935	0	0
1e-06	CD74	0.3010299088050935	1e-06	0.3010299088050935	1e-06	0.3010299088050935	0	0
1e-06	CD163	0.3010299088050935	1e-06	0.3010299088050935	1e-06	0.3010299088050935	0	0
0.002755	TNC	0.3010299088050935	0.002251	0.3010299088050935	0.000909	0.3010299088050935	0	0
1e-06	CD274	0.3010299088050935	1e-06	0.3010299088050935	1e-06	0.3010299088050935	0	0
1e-06	SELP	0.3010299088050935	1e-06	0.3010299088050935	1e-06	0.3010299088050935	0	0
0.0017690000000000002	PSMC4	0.3010299088050935	1e-06	0.3010299088050935	1e-06	0.3010299088050935	0	0
1e-06	HSPB11	0.3010299088050935	2.3e-05	0.3010299088050935	1e-06	0.3010299088050935	0	0
6.3e-05	SEC24B	0.3010299088050935	0.0020870000000000003	0.3010299088050935	0.002186	0.3010299088050935	0	0
0.000512	KIF23	0.3010299088050935	0.00016	0.3010299088050935	1e-06	0.3010299088050935	0	0
0.001067	KIF3C	0.3010299088050935	1e-06	0.3010299088050935	0.000303	0.3010299088050935	0	0
1e-06	PA2G4	0.3010299088050935	1e-06	0.3010299088050935	1e-06	0.3010299088050935	0	0
0.002708	TPRKB	0.3010299088050935	0.0036439999999999997	0.3010299088050935	0.004056000000000001	0.3010299088050935	0	0
1e-06	MET	0.3010299088050935	0.001431	0.3010299088050935	0.0015689999999999999	0.3010299088050935	0	0
1e-06	RHOC	0.3010299088050935	1e-06	0.3010299088050935	1e-06	0.3010299088050935	0	0
1e-06	UAP1	0.3010299088050935	1e-06	0.3010299088050935	1e-06	0.3010299088050935	0	0
1e-06	PDCD1LG2	0.3010299088050935	1e-06	0.3010299088050935	1e-06	0.3010299088050935	0	0
9e-05	TRAF6	0.3010299088050935	1e-06	0.3010299088050935	1e-06	0.3010299088050935	0	0
1e-06	TNFRSF14	0.3010299088050935	1e-06	0.3010299088050935	1e-06	0.3010299088050935	0	0
1e-06	NUP107	0.3010299088050935	0.001382	0.3010299088050935	3.4e-05	0.3010299088050935	0	0
0.0016769999999999999	ISG15	0.3010299088050935	1e-06	0.3010299088050935	1e-06	0.3010299088050935	0	0
1e-06	SELL	0.3010299088050935	1e-06	0.3010299088050935	1e-06	0.3010299088050935	0	0
0.0009880000000000002	CORO1C	0.3010299088050935	0.001132	0.3010299088050935	1e-06	0.3010299088050935	0	0
0.0032090000000000005	ENTPD1	0.3010299088050935	1e-06	0.3010299088050935	1e-06	0.3010299088050935	0	0
1e-06	EDNRB	0.3010299088050935	1e-06	0.3010299088050935	1e-06	0.3010299088050935	0	0
0.0007509999999999999	RUNX3	0.3010299088050935	1e-06	0.3010299088050935	1e-06	0.3010299088050935	0	0
0.002878	FLNC	0.3010299088050935	0.002445	0.3010299088050935	0.002114	0.3010299088050935	0	0
0.006306	ENO1	0.39172164029155243	0.004281	0.3010299088050935	0.003885	0.3010299088050935	0	0
1e-06	IFI30	0.3010299088050935	1e-06	0.3010299088050935	1e-06	0.3010299088050935	0	0
1e-06	TPSB2	0.3010299088050935	1e-06	0.3010299088050935	1e-06	0.3010299088050935	0	0
0.0047469999999999995	IFI44L	0.3010299088050935	0.001299	0.3010299088050935	0.000395	0.3010299088050935	0	0
1e-06	SMAD2	0.3010299088050935	0.004625	0.3010299088050935	0.0031379999999999997	0.3010299088050935	0	0
1e-06	CD48	0.3010299088050935	1e-06	0.3010299088050935	1e-06	0.3010299088050935	0	0
1e-06	CCL2	0.3010299088050935	1e-06	0.3010299088050935	1e-06	0.3010299088050935	0	0
0.005193	PDLIM7	0.36091906908488347	0.0041670000000000006	0.3010299088050935	0.0023940000000000003	0.3010299088050935	0	0
0.0038979999999999996	RUVBL1	0.3010299088050935	0.0028120000000000003	0.3010299088050935	0.0025989999999999997	0.3010299088050935	0	0
1e-06	Macrophage.Regulation	0.3010299088050935	1e-06	0.3010299088050935	1e-06	0.3010299088050935	0	0
1e-06	LCK	0.3010299088050935	1e-06	0.3010299088050935	1e-06	0.3010299088050935	0	0
0.0056890000000000005	ERAP2	0.8148430460135514	0.003437	0.3010299088050935	0.003071	0.3010299088050935	0	0
0.197344	HLA.DPA1	5.507176942635074	0.012924000000000001	2.9543205765456033	0.010933	2.356066460630801	0	2
0.0010199999999999999	COQ2	0.3010299088050935	0.0014759999999999999	0.3010299088050935	0.0023079999999999997	0.3010299088050935	0	0
1e-06	CKLF	0.3010299088050935	1e-06	0.3010299088050935	1e-06	0.3010299088050935	0	0
1e-06	CCL5	0.3010299088050935	1e-06	0.3010299088050935	0.000525	0.3010299088050935	0	0
0.001425	NID1	0.3010299088050935	0.002752	0.3010299088050935	0.002053	0.3010299088050935	0	0
1e-06	LYN	0.3010299088050935	1e-06	0.3010299088050935	1e-06	0.3010299088050935	0	0
1e-06	IL21R	0.3010299088050935	1e-06	0.3010299088050935	1e-06	0.3010299088050935	0	0
0.001256	IGLC1	0.3010299088050935					0	0
1e-06	WDHD1	0.3010299088050935	1e-06	0.3010299088050935	1e-06	0.3010299088050935	0	0
1e-06	CD33	0.3010299088050935	1e-06	0.3010299088050935	1e-06	0.3010299088050935	0	0
0.513854	HLA.DRB5	5.507176942635074	0.22569099999999997	5.343964620427526	0.22261399999999998	5.379586409848517	2	2
0.00701	OAS3	0.3010299088050935	0.00462	0.3010299088050935	0.005473	0.3010299088050935	0	0
1e-06	MCTS1	0.3010299088050935	1e-06	0.3010299088050935	1e-06	0.3010299088050935	0	0
0.0017010000000000003	CTNNA1	0.3010299088050935	0.002863	0.3010299088050935	0.001485	0.3010299088050935	0	0
1e-06	NCF1	0.3010299088050935	1e-06	0.3010299088050935	1e-06	0.3010299088050935	0	0
1e-06	KIF4A	0.3010299088050935	1e-06	0.3010299088050935	1e-06	0.3010299088050935	0	0
0.665797	HLA.DMB	5.507176942635074	1e-06	0.3010299088050935	1e-06	0.3010299088050935	0	0
1e-06	RFTN1	0.3010299088050935	1e-06	0.3010299088050935	1e-06	0.3010299088050935	0	0
0.000183	CTSF	0.3010299088050935	1e-05	0.3010299088050935	0.001592	0.3010299088050935	0	0
1e-06	PHF19	0.3010299088050935	1e-06	0.3010299088050935	1e-06	0.3010299088050935	0	0
1e-06	SNRPA1	0.3010299088050935	0.001939	0.3010299088050935	0.001623	0.3010299088050935	0	0
0.0029760000000000003	MTA1	0.3010299088050935	0.002104	0.3010299088050935	0.001652	0.3010299088050935	0	0
1e-06	PFKP	0.3010299088050935	0.002022	0.3010299088050935	0.002065	0.3010299088050935	0	0
0.000118	SDC1	0.3010299088050935	1e-06	0.3010299088050935	1e-06	0.3010299088050935	0	0
1e-06	CCL19	0.3010299088050935	1e-06	0.3010299088050935	1e-06	0.3010299088050935	0	0
1e-06	PNO1	0.3010299088050935	1e-06	0.3010299088050935	1e-06	0.3010299088050935	0	0
0.0034100000000000003	DYNC1I1	0.3010299088050935	0.004744	0.3010299088050935	0.003945000000000001	0.3010299088050935	0	0
1e-06	RNF138	0.3010299088050935	1e-06	0.3010299088050935	1e-06	0.3010299088050935	0	0
0.001887	CXCL10	0.3010299088050935	0.00036	0.3010299088050935	0.000755	0.3010299088050935	0	0
0.00042300000000000004	PLOD2	0.3010299088050935	0.001645	0.3010299088050935	0.0008990000000000001	0.3010299088050935	0	0
0.001748	RSAD2	0.3010299088050935	0.00031	0.3010299088050935	1e-06	0.3010299088050935	0	0
2.2e-05	CD3E	0.3010299088050935	1e-06	0.3010299088050935	1e-06	0.3010299088050935	0	0
0.000697	APITD1	0.3010299088050935	1e-06	0.3010299088050935	1e-06	0.3010299088050935	0	0
1e-06	KIFAP3	0.3010299088050935	1e-06	0.3010299088050935	1e-06	0.3010299088050935	0	0
1e-06	Proliferation	0.3010299088050935	1e-06	0.3010299088050935	1e-06	0.3010299088050935	0	0
1e-06	CD59	0.3010299088050935	1e-06	0.3010299088050935	1e-06	0.3010299088050935	0	0
0.001338	SERPINE1	0.3010299088050935	0.000681	0.3010299088050935	1e-06	0.3010299088050935	0	0
1e-06	RACGAP1	0.3010299088050935	1e-06	0.3010299088050935	1e-06	0.3010299088050935	0	0
1e-06	ITGB2	0.3010299088050935	1e-06	0.3010299088050935	1e-06	0.3010299088050935	0	0
1e-06	AP1S3	0.3010299088050935	1e-06	0.3010299088050935	1e-06	0.3010299088050935	0	0
1e-06	MRPL37	0.3010299088050935	1e-06	0.3010299088050935	1e-06	0.3010299088050935	0	0
1e-06	SKIL	0.3010299088050935	1e-06	0.3010299088050935	1e-06	0.3010299088050935	0	0
0.002402	PSMA7	0.3010299088050935	0.000788	0.3010299088050935	0.001615	0.3010299088050935	0	0
1e-06	SMURF2	0.3010299088050935	1e-06	0.3010299088050935	1e-06	0.3010299088050935	0	0
1e-06	HACD2	0.3010299088050935	1e-06	0.3010299088050935	1e-06	0.3010299088050935	0	0
0.004635	IGFBP3	0.3010299088050935	0.006062	0.3022228938193872	0.005522	0.3010299088050935	0	0
1e-06	CD86	0.3010299088050935	1e-06	0.3010299088050935	1e-06	0.3010299088050935	0	0
1e-06	IKBKB	0.3010299088050935	1e-06	0.3010299088050935	1e-06	0.3010299088050935	0	0
0.0017469999999999999	EIF4EBP1	0.3010299088050935	0.000935	0.3010299088050935	0.00011599999999999999	0.3010299088050935	0	0
1e-06	HNSCC.Fibroblast	0.3010299088050935	1e-06	0.3010299088050935	0.0006900000000000001	0.3010299088050935	0	0
1e-06	CTSH	0.3010299088050935	1e-06	0.3010299088050935	1e-06	0.3010299088050935	0	0
0.5598420000000001	TAP2	5.507176942635074	0.031918	5.343964620427526	0.033122000000000006	5.379586409848517	0	2
1e-06	RAB10	0.3010299088050935	0.001452	0.3010299088050935	6.4e-05	0.3010299088050935	0	0
0.020936	LM22.Macrophages.M2	5.507176942635074	1e-06	0.3010299088050935	1e-06	0.3010299088050935	0	0
0.001467	IGFBP4	0.3010299088050935	0.001239	0.3010299088050935	0.0018399999999999998	0.3010299088050935	0	0
1e-06	CENPO	0.3010299088050935	1e-06	0.3010299088050935	1e-06	0.3010299088050935	0	0
0.001413	MMP1	0.3010299088050935	0.002682	0.3010299088050935	0.001392	0.3010299088050935	0	0
0.001163	RTP4	0.3010299088050935	1e-06	0.3010299088050935	0.000491	0.3010299088050935	0	0
1e-06	ITGB5	0.3010299088050935	1e-06	0.3010299088050935	1e-06	0.3010299088050935	0	0
1e-06	TNFAIP3	0.3010299088050935	1e-06	0.3010299088050935	1e-06	0.3010299088050935	0	0
0.000734	SPTBN2	0.3010299088050935	0.000195	0.3010299088050935	0.0017989999999999998	0.3010299088050935	0	0
0.001182	OASL	0.3010299088050935	0.000277	0.3010299088050935	1e-06	0.3010299088050935	0	0
1e-06	TNFRSF1B	0.3010299088050935	1e-06	0.3010299088050935	1e-06	0.3010299088050935	0	0
1e-06	BTLA	0.3010299088050935	1e-06	0.3010299088050935	1e-06	0.3010299088050935	0	0
1e-06	AP3D1	0.3010299088050935	1e-06	0.3010299088050935	1e-06	0.3010299088050935	0	0
1e-06	CPVL	0.3010299088050935	1e-06	0.3010299088050935	1e-06	0.3010299088050935	0	0
0.373877	LST1	5.507176942635074	1e-06	0.3010299088050935	1e-06	0.3010299088050935	0	0
1e-06	CTSS	0.3010299088050935	1e-06	0.3010299088050935	1e-06	0.3010299088050935	0	0
1e-06	XCL1	0.3010299088050935	1e-06	0.3010299088050935	1e-06	0.3010299088050935	0	0
1e-06	CSF1R	0.3010299088050935	1e-06	0.3010299088050935	1e-06	0.3010299088050935	0	0
1e-06	TEX30	0.3010299088050935	1e-06	0.3010299088050935	1e-06	0.3010299088050935	0	0
0.004836	IFIT3	0.3010299088050935	0.002671	0.3010299088050935	0.002657	0.3010299088050935	0	0
0.0005740000000000001	PSMB5	0.3010299088050935	1e-06	0.3010299088050935	1e-06	0.3010299088050935	0	0
1e-06	CD19	0.3010299088050935					0	0
1e-06	MCM7	0.3010299088050935	1e-06	0.3010299088050935	1e-06	0.3010299088050935	0	0
0.0034590000000000003	TGF.beta.Response	0.3010299088050935	0.0034590000000000003	0.3010299088050935	0.0034590000000000003	0.3010299088050935	0	0
1e-06	ID3	0.3010299088050935	1e-06	0.3010299088050935	1e-06	0.3010299088050935	0	0
1e-06	TGFB2	0.3010299088050935	1e-06	0.3010299088050935	1e-06	0.3010299088050935	0	0
0.001093	CLTC	0.3010299088050935	0.0005679999999999999	0.3010299088050935	0.00034500000000000004	0.3010299088050935	0	0
1e-06	PITPNC1	0.3010299088050935	1e-06	0.3010299088050935	1e-06	0.3010299088050935	0	0
1e-06	DYNLT1	0.3010299088050935	1e-06	0.3010299088050935	1e-06	0.3010299088050935	0	0
0.0016829999999999998	TREX1	0.3010299088050935	0.003176	0.3010299088050935	0.001685	0.3010299088050935	0	0
1e-06	CCRL2	0.3010299088050935	1e-06	0.3010299088050935	1e-06	0.3010299088050935	0	0
0.0034920000000000003	PSMB2	0.3010299088050935	1e-06	0.3010299088050935	1e-06	0.3010299088050935	0	0
0.006083	ACTR1B	0.6112276910700931	0.0060409999999999995	0.3010299088050935	0.006828	0.6546666398988387	0	0
0.002888	RASSF2	0.3010299088050935	0.004593	0.3010299088050935	0.003771	0.3010299088050935	0	0
1e-06	RND3	0.3010299088050935	1e-06	0.3010299088050935	1e-06	0.3010299088050935	0	0
0.44613500000000006	MICA	5.507176942635074	0.15346500000000002	5.343964620427526	0.156229	5.379586409848517	2	2
1e-06	NOD2	0.3010299088050935	1e-06	0.3010299088050935	1e-06	0.3010299088050935	0	0
0.0038079999999999998	RAB3B	0.5045403995818702	0.001467	0.3010299088050935	0.001261	0.3010299088050935	0	0
1e-06	FPR1	0.3010299088050935	1e-06	0.3010299088050935	1e-06	0.3010299088050935	0	0
0.000343	CYBA	0.3010299088050935	0.004036	0.3010299088050935	0.0017989999999999998	0.3010299088050935	0	0
0.000708	IL1A	0.3010299088050935	0.001098	0.3010299088050935	0.001413	0.3010299088050935	0	0
0.346006	HLA.DQA1	5.507176942635074	0.119676	5.343964620427526	0.116934	5.379586409848517	2	2
1e-06	SH3GL2	0.3010299088050935			1e-06	0.3010299088050935	0	0
0.003076	SNX17	0.3010299088050935	0.0007099999999999999	0.3010299088050935	0.0028510000000000002	0.3010299088050935	0	0
3.2e-05	SNRPE	0.3010299088050935	0.001436	0.3010299088050935	0.000258	0.3010299088050935	0	0
1e-06	CDCA4	0.3010299088050935	1e-06	0.3010299088050935	1e-06	0.3010299088050935	0	0
1e-06	IGHG3	0.3010299088050935					0	0
0.0032	ALKBH7	0.3010299088050935	0.0033829999999999997	0.3010299088050935	0.001872	0.3010299088050935	0	0
1e-06	ICOSLG	0.3010299088050935	1e-06	0.3010299088050935	1e-06	0.3010299088050935	0	0
1e-06	ACE	0.3010299088050935	1e-06	0.3010299088050935	1e-06	0.3010299088050935	0	0
1e-06	NCKAP1L	0.3010299088050935	1e-06	0.3010299088050935	1e-06	0.3010299088050935	0	0
0.000982	AMPD3	0.3010299088050935	0.001463	0.3010299088050935	0.001137	0.3010299088050935	0	0
1e-06	DLEU1	0.3010299088050935	1e-06	0.3010299088050935	1e-06	0.3010299088050935	0	0
1e-06	SNRPB	0.3010299088050935	1e-06	0.3010299088050935	1e-06	0.3010299088050935	0	0
1e-06	FARSA	0.3010299088050935	1e-06	0.3010299088050935	1e-06	0.3010299088050935	0	0
1e-06	MARCH1	0.3010299088050935	1e-06	0.3010299088050935	1e-06	0.3010299088050935	0	0
1e-06	SEMA3F	0.3010299088050935	1e-06	0.3010299088050935	1e-06	0.3010299088050935	0	0
0.0010869999999999999	AP1M1	0.3010299088050935	0.005031	0.4533544505286468	0.005267	0.682826941027026	0	0
0.00048600000000000005	CAPZA1	0.3010299088050935	0.003514	0.3010299088050935	0.0031	0.3010299088050935	0	0
1e-06	C11orf24	0.3010299088050935	0.000205	0.3010299088050935	1e-06	0.3010299088050935	0	0
0.000554	SEC13	0.3010299088050935	1e-06	0.3010299088050935	0.000225	0.3010299088050935	0	0
0.002918	RELB	0.3010299088050935	0.001267	0.3010299088050935	0.000654	0.3010299088050935	0	0
1e-06	TLR2	0.3010299088050935	1e-06	0.3010299088050935	1e-06	0.3010299088050935	0	0
0.002361	ADORA2A	0.3010299088050935	1e-06	0.3010299088050935	0.00015800000000000002	0.3010299088050935	0	0
1e-06	CENPE	0.3010299088050935	0.0016530000000000002	0.3010299088050935	0.000778	0.3010299088050935	0	0
1e-06	BRCA2	0.3010299088050935	1e-06	0.3010299088050935	1e-06	0.3010299088050935	0	0
0.336931	HLA.DMA	5.507176942635074	1e-06	0.3010299088050935	1e-06	0.3010299088050935	0	0
1e-06	DVL3	0.3010299088050935	0.002182	0.3010299088050935	1e-06	0.3010299088050935	0	0
1e-06	NCLN	0.3010299088050935	0.0020629999999999997	0.3010299088050935	0.001484	0.3010299088050935	0	0
1e-06	TPM3	0.3010299088050935	0.001639	0.3010299088050935	0.000684	0.3010299088050935	0	0
1e-06	ARHGAP15	0.3010299088050935	1e-06	0.3010299088050935	1e-06	0.3010299088050935	0	0
1e-06	ADAMTS1	0.3010299088050935	1e-06	0.3010299088050935	1e-06	0.3010299088050935	0	0
1e-06	AP2B1	0.3010299088050935	1e-06	0.3010299088050935	1e-06	0.3010299088050935	0	0
0.002014	PSMF1	0.3010299088050935	0.004441	0.3236139008926574	0.003667	0.3010299088050935	0	0
0.001047	ATG5	0.3010299088050935	0.002647	0.3010299088050935	0.002548	0.3010299088050935	0	0
0.000998	ITGB8	0.3010299088050935	0.002194	0.3010299088050935	0.000664	0.3010299088050935	0	0
1e-06	EXOSC8	0.3010299088050935	1e-06	0.3010299088050935	1e-06	0.3010299088050935	0	0
0.001116	PAICS	0.3010299088050935	0.0019920000000000003	0.3010299088050935	0.001841	0.3010299088050935	0	0
1e-06	PFN1	0.3010299088050935	0.000361	0.3010299088050935	0.00023999999999999998	0.3010299088050935	0	0
0.00022799999999999999	SEC22B	0.3010299088050935	0.0018449999999999999	0.3010299088050935	0.001801	0.3010299088050935	0	0
1e-06	DYNC1I2	0.3010299088050935	8.3e-05	0.3010299088050935	1e-06	0.3010299088050935	0	0
1e-06	SP140	0.3010299088050935	1e-06	0.3010299088050935	1e-06	0.3010299088050935	0	0
0.000669	ZWILCH	0.3010299088050935	1e-06	0.3010299088050935	1e-06	0.3010299088050935	0	0
1e-06	RAB7A	0.3010299088050935	0.001736	0.3010299088050935	0.0009279999999999999	0.3010299088050935	0	0
1e-06	MFSD11	0.3010299088050935	0.001437	0.3010299088050935	0.0022719999999999997	0.3010299088050935	0	0
1e-06	STK17A	0.3010299088050935	1e-06	0.3010299088050935	1e-06	0.3010299088050935	0	0
0.002734	KIF2A	0.3010299088050935	0.002242	0.3010299088050935	0.002134	0.3010299088050935	0	0
0.284988	TAP1	5.507176942635074	0.00038500000000000003	0.3010299088050935	0.001354	0.3010299088050935	0	0
1e-06	CMSS1	0.3010299088050935	6e-06	0.3010299088050935	1e-06	0.3010299088050935	0	0
0.0012029999999999999	MMP2	0.3010299088050935	0.000941	0.3010299088050935	0.000128	0.3010299088050935	0	0
1e-06	WIPF1	0.3010299088050935	1e-06	0.3010299088050935	1e-06	0.3010299088050935	0	0
1e-06	CD53	0.3010299088050935	1e-06	0.3010299088050935	1e-06	0.3010299088050935	0	0
0.001584	FGD1	0.3010299088050935	1e-06	0.3010299088050935	1e-06	0.3010299088050935	0	0
0.001399	SLC25A5	0.3010299088050935	1e-06	0.3010299088050935	1e-06	0.3010299088050935	0	0
0.004635	POLR3K	0.32856075314241023	0.0019579999999999997	0.3010299088050935	0.002703	0.3010299088050935	0	0
1e-06	STRA13	0.3010299088050935	1e-06	0.3010299088050935	1e-06	0.3010299088050935	0	0
1e-06	TNFRSF1A	0.3010299088050935	1e-06	0.3010299088050935	1e-06	0.3010299088050935	0	0
0.513303	HLA.C	5.507176942635074	0.08872999999999999	5.343964620427526	0.086676	5.379586409848517	2	2
1e-06	PSMA3	0.3010299088050935	1e-06	0.3010299088050935	1e-06	0.3010299088050935	0	0
1e-06	DCTN3	0.3010299088050935	1e-06	0.3010299088050935	1e-06	0.3010299088050935	0	0
1e-06	dice.TH1	0.3010299088050935	1e-06	0.3010299088050935	1e-06	0.3010299088050935	0	0
1e-06	CCL13	0.3010299088050935	0.000433	0.3010299088050935	1e-06	0.3010299088050935	0	0
1e-06	PSMA4	0.3010299088050935	1e-06	0.3010299088050935	1e-06	0.3010299088050935	0	0
0.000545	CD28	0.3010299088050935	1e-06	0.3010299088050935	1e-06	0.3010299088050935	0	0
1e-06	PLK4	0.3010299088050935	1e-06	0.3010299088050935	1e-06	0.3010299088050935	0	0
0.004459	DCTN4	0.3010299088050935	0.009762999999999999	1.4812476584163474	0.0064329999999999995	0.6544794800278054	0	1
1e-06	CTSL	0.3010299088050935	1e-06	0.3010299088050935	1e-06	0.3010299088050935	0	0
0.001871	CMC2	0.3010299088050935	1e-06	0.3010299088050935	1e-06	0.3010299088050935	0	0
1e-06	COTL1	0.3010299088050935	1e-06	0.3010299088050935	1e-06	0.3010299088050935	0	0
0.00023799999999999998	BLK	0.3010299088050935			1e-06	0.3010299088050935	0	0
1e-06	HSD11B1	0.3010299088050935	1e-06	0.3010299088050935	1e-06	0.3010299088050935	0	0
0.003554	CLEC4M	0.3010299088050935					0	0
0.0019809999999999997	SH3BP5L	0.3010299088050935	0.000999	0.3010299088050935	0.002355	0.3010299088050935	0	0
0.000735	TGFB1	0.3010299088050935	1.2e-05	0.3010299088050935	0.0008730000000000001	0.3010299088050935	0	0
0.001628	CTSW	0.3010299088050935	0.0021449999999999998	0.3010299088050935	0.0023420000000000003	0.3010299088050935	0	0
1e-06	ITGA4	0.3010299088050935	1e-06	0.3010299088050935	1e-06	0.3010299088050935	0	0
1e-06	PSMB1	0.3010299088050935	1e-06	0.3010299088050935	1e-06	0.3010299088050935	0	0
0.00048499999999999997	NCEH1	0.3010299088050935	0.000865	0.3010299088050935	0.001328	0.3010299088050935	0	0
1e-06	MCM3	0.3010299088050935	0.001572	0.3010299088050935	0.001562	0.3010299088050935	0	0
0.000413	ACTR1A	0.3010299088050935	1e-06	0.3010299088050935	1e-06	0.3010299088050935	0	0
0.280064	MICB	5.507176942635074	0.084969	5.343964620427526	0.084307	5.379586409848517	2	2
0.001848	EBNA1BP2	0.3010299088050935	0.001945	0.3010299088050935	0.000542	0.3010299088050935	0	0
0.0006929999999999999	KLRD1	0.3010299088050935	1e-06	0.3010299088050935	1e-06	0.3010299088050935	0	0
1e-06	NOD1	0.3010299088050935	0.000604	0.3010299088050935	0.000164	0.3010299088050935	0	0
0.003001	DSP	0.3010299088050935	0.002635	0.3010299088050935	0.002501	0.3010299088050935	0	0
0.000586	NUP93	0.3010299088050935	1e-06	0.3010299088050935	1e-06	0.3010299088050935	0	0
0.000549	MSN	0.3010299088050935	1e-06	0.3010299088050935	1e-06	0.3010299088050935	0	0
1e-06	MTHFD1	0.3010299088050935	1e-06	0.3010299088050935	1e-06	0.3010299088050935	0	0
1e-06	BRIP1	0.3010299088050935	1e-06	0.3010299088050935	1e-06	0.3010299088050935	0	0
0.0027670000000000004	CCL21	0.3010299088050935	0.002263	0.3010299088050935	0.001673	0.3010299088050935	0	0
0.001736	XCL2	0.3010299088050935	0.002074	0.3010299088050935	0.002991	0.3010299088050935	0	0
0.002705	ITGA3	0.3010299088050935	0.00519	0.3010299088050935	0.003357	0.3010299088050935	0	0
1e-06	PSMB6	0.3010299088050935	1e-06	0.3010299088050935	1e-06	0.3010299088050935	0	0
1e-06	CENPW	0.3010299088050935	1e-06	0.3010299088050935	0.00029	0.3010299088050935	0	0
1e-06	FCER1G	0.3010299088050935	1e-06	0.3010299088050935	1e-06	0.3010299088050935	0	0
0.0008289999999999999	AP1G1	0.3010299088050935	1e-06	0.3010299088050935	0.000429	0.3010299088050935	0	0
1e-06	FMNL1	0.3010299088050935	1e-06	0.3010299088050935	1e-06	0.3010299088050935	0	0
0.00028	MMP11	0.3010299088050935	0.00027	0.3010299088050935	1e-06	0.3010299088050935	0	0
0.00146	SNRPA	0.3010299088050935	0.0034159999999999998	0.3010299088050935	0.0029219999999999997	0.3010299088050935	0	0
1e-06	FARSB	0.3010299088050935	0.000792	0.3010299088050935	0.000454	0.3010299088050935	0	0
1e-06	CD68	0.3010299088050935	1e-06	0.3010299088050935	1e-06	0.3010299088050935	0	0
0.000935	PSME4	0.3010299088050935	0.000242	0.3010299088050935	1e-06	0.3010299088050935	0	0
1e-06	AP1M2	0.3010299088050935	1e-06	0.3010299088050935	1e-06	0.3010299088050935	0	0
0.0009310000000000001	C10orf54	0.3010299088050935	1e-06	0.3010299088050935	1e-06	0.3010299088050935	0	0
0.003191	IFN.gamma.Response	0.3010299088050935	0.003191	0.3010299088050935	0.003191	0.3010299088050935	0	0
0.000288	AIMP2	0.3010299088050935	1e-06	0.3010299088050935	1e-06	0.3010299088050935	0	0
0.00017900000000000001	RILP	0.3010299088050935	1e-06	0.3010299088050935	1e-06	0.3010299088050935	0	0
1e-06	CAPZA2	0.3010299088050935	0.000771	0.3010299088050935	0.000576	0.3010299088050935	0	0
1e-06	CD14	0.3010299088050935	1e-06	0.3010299088050935	1e-06	0.3010299088050935	0	0
0.36671	PSMB8	5.507176942635074	0.002278	0.3010299088050935	0.002553	0.3010299088050935	0	0
0.00173	IL1B	0.3010299088050935	0.001963	0.3010299088050935	0.001127	0.3010299088050935	0	0
1e-06	CYBB	0.3010299088050935	1e-06	0.3010299088050935	1e-06	0.3010299088050935	0	0
0.001182	IMP4	0.3010299088050935	1e-06	0.3010299088050935	1e-06	0.3010299088050935	0	0
4.4e-05	RAB27A	0.3010299088050935	0.00031	0.3010299088050935	1e-06	0.3010299088050935	0	0
0.429253	HLA.DQA2	5.507176942635074	0.183935	5.343964620427526	0.181052	5.379586409848517	2	2
0.00117	MYCBP	0.3010299088050935	1e-06	0.3010299088050935	1e-06	0.3010299088050935	0	0
0.000425	LILRB4	0.3010299088050935	1e-06	0.3010299088050935	1e-06	0.3010299088050935	0	0
1e-06	YTHDF1	0.3010299088050935	0.001349	0.3010299088050935	0.0023309999999999997	0.3010299088050935	0	0
1e-06	VTCN1	0.3010299088050935	1e-06	0.3010299088050935	1e-06	0.3010299088050935	0	0
0.007391	KIF26A	0.7174588969155944	0.008549	0.8290808117140048	0.007873	0.7776828367966874	0	0
1e-06	PSME3	0.3010299088050935	1e-06	0.3010299088050935	1e-06	0.3010299088050935	0	0
0.001131	JCHAIN	0.3010299088050935	1e-06	0.3010299088050935	1e-06	0.3010299088050935	0	0
0.001907	POLE2	0.3010299088050935	1e-06	0.3010299088050935	1e-06	0.3010299088050935	0	0
1e-06	RAB5B	0.3010299088050935	1e-06	0.3010299088050935	1e-06	0.3010299088050935	0	0
0.0020399999999999997	TAPBPL	0.3010299088050935	1e-06	0.3010299088050935	0.001327	0.3010299088050935	0	0
0.001422	PSMD2	0.3010299088050935	6.9e-05	0.3010299088050935	0.00010700000000000001	0.3010299088050935	0	0
1e-06	LHFPL2	0.3010299088050935	1e-06	0.3010299088050935	1e-06	0.3010299088050935	0	0
0.00022200000000000003	NSCLC.Fig2ab.B.cells	0.3010299088050935	0.008065000000000001	1.8374144297105777	0.007843000000000001	1.7243558851826182	0	2
1e-06	SLAMF7	0.3010299088050935	1e-06	0.3010299088050935	1e-06	0.3010299088050935	0	0
1e-06	CPA3	0.3010299088050935	1e-06	0.3010299088050935	1e-06	0.3010299088050935	0	0
1e-06	PSMD5	0.3010299088050935	1e-06	0.3010299088050935	1e-06	0.3010299088050935	0	0
0.002921	IFIH1	0.3010299088050935	0.0029579999999999997	0.3010299088050935	0.003179	0.3010299088050935	0	0
1e-06	DNM2	0.3010299088050935	1e-06	0.3010299088050935	1e-06	0.3010299088050935	0	0
1e-06	EIF2AK1	0.3010299088050935	1e-06	0.3010299088050935	1e-06	0.3010299088050935	0	0
0.005116	DUT	0.3010299088050935	1e-06	0.3010299088050935	1e-06	0.3010299088050935	0	0
1e-06	CD1E	0.3010299088050935	1e-06	0.3010299088050935	1e-06	0.3010299088050935	0	0
1e-06	PSMD12	0.3010299088050935	0.0055320000000000005	0.3010299088050935	0.004055	0.3010299088050935	0	0
1e-06	HNSCC.Endothelial	0.3010299088050935	1e-06	0.3010299088050935	1e-06	0.3010299088050935	0	0
1e-06	AP3B1	0.3010299088050935	0.00073	0.3010299088050935	0.000332	0.3010299088050935	0	0
0.00032	IFNGR2	0.3010299088050935	1e-06	0.3010299088050935	1e-06	0.3010299088050935	0	0
0.000188	APOO	0.3010299088050935	1e-06	0.3010299088050935	1e-06	0.3010299088050935	0	0
1e-06	C3AR1	0.3010299088050935	1e-06	0.3010299088050935	1e-06	0.3010299088050935	0	0
1e-06	KIF15	0.3010299088050935	1e-06	0.3010299088050935	1e-06	0.3010299088050935	0	0
1e-06	HFE	0.3010299088050935	0.0005070000000000001	0.3010299088050935	0.001168	0.3010299088050935	0	0
1e-06	MRPS28	0.3010299088050935	3e-06	0.3010299088050935	1e-06	0.3010299088050935	0	0
1e-06	ARG1	0.3010299088050935					0	0
1e-06	PXN	0.3010299088050935	1e-06	0.3010299088050935	1e-06	0.3010299088050935	0	0
1e-06	BCCIP	0.3010299088050935	1e-06	0.3010299088050935	1e-06	0.3010299088050935	0	0
0.00398	PLAT	0.3010299088050935	0.001521	0.3010299088050935	0.0021850000000000003	0.3010299088050935	0	0
0.008183	MT3	0.8196276247064757					0	0
1e-06	RAB33A	0.3010299088050935	1e-06	0.3010299088050935	1e-06	0.3010299088050935	0	0
1e-06	ACTR10	0.3010299088050935	1e-06	0.3010299088050935	1e-06	0.3010299088050935	0	0
1e-06	FBXO41	0.3010299088050935	1e-06	0.3010299088050935	1e-06	0.3010299088050935	0	0
0.0015789999999999999	FCGR2B	0.3010299088050935	0.001462	0.3010299088050935	0.000327	0.3010299088050935	0	0
1e-06	COX17	0.3010299088050935	1e-06	0.3010299088050935	1e-06	0.3010299088050935	0	0
1e-06	SAR1A	0.3010299088050935	1e-06	0.3010299088050935	1e-06	0.3010299088050935	0	0
1e-06	CYTIP	0.3010299088050935	1e-06	0.3010299088050935	1e-06	0.3010299088050935	0	0
1e-06	VTA1	0.3010299088050935	0.0026309999999999997	0.3010299088050935	0.001911	0.3010299088050935	0	0
1e-06	CD70	0.3010299088050935	1e-06	0.3010299088050935	1e-06	0.3010299088050935	0	0
1e-06	IKZF1	0.3010299088050935	1e-06	0.3010299088050935	1e-06	0.3010299088050935	0	0
1e-06	LNPEP	0.3010299088050935	0.00091	0.3010299088050935	0.000468	0.3010299088050935	0	0
1e-06	EVI2A	0.3010299088050935	1e-06	0.3010299088050935	1e-06	0.3010299088050935	0	0
1e-06	IL10RA	0.3010299088050935	1e-06	0.3010299088050935	1e-06	0.3010299088050935	0	0
0.001347	SMS	0.3010299088050935	0.003498	0.3010299088050935	0.0043560000000000005	0.3010299088050935	0	0
0.003157	NUP85	0.3010299088050935	0.000711	0.3010299088050935	1e-06	0.3010299088050935	0	0
0.000935	CXCL9	0.3010299088050935	0.000691	0.3010299088050935	0.000426	0.3010299088050935	0	0
0.001961	TNFRSF17	0.3010299088050935					0	0
0.000359	RHOG	0.3010299088050935	1e-06	0.3010299088050935	1e-06	0.3010299088050935	0	0
0.001779	HAS2	0.3010299088050935	1e-06	0.3010299088050935	1e-06	0.3010299088050935	0	0
9.1e-05	RPP40	0.3010299088050935	1e-06	0.3010299088050935	1e-06	0.3010299088050935	0	0
1e-06	SIGLEC5	0.3010299088050935	1e-06	0.3010299088050935	1e-06	0.3010299088050935	0	0
1e-06	CSF3R	0.3010299088050935	1e-06	0.3010299088050935	1e-06	0.3010299088050935	0	0
1e-06	FAM167A	0.3010299088050935	1e-06	0.3010299088050935	1e-06	0.3010299088050935	0	0
1e-06	SAMSN1	0.3010299088050935	1e-06	0.3010299088050935	1e-06	0.3010299088050935	0	0
1e-06	Lymphocyte.Infiltration.Signature.Score	0.3010299088050935	1e-06	0.3010299088050935	1e-06	0.3010299088050935	0	0
0.003461	COL6A1	0.3010299088050935	0.003225	0.3010299088050935	0.001731	0.3010299088050935	0	0
1e-06	GPNMB	0.3010299088050935	1e-06	0.3010299088050935	1e-06	0.3010299088050935	0	0
0.002461	GSTCD	0.3010299088050935	0.003694	0.3010299088050935	0.003843	0.3010299088050935	0	0
0.000118	LTB	0.3010299088050935	0.00018899999999999999	0.3010299088050935	0.00021099999999999998	0.3010299088050935	0	0
1e-06	NUDT15	0.3010299088050935	1e-06	0.3010299088050935	1e-06	0.3010299088050935	0	0
1e-06	SEC24A	0.3010299088050935	0.00075	0.3010299088050935	0.00082	0.3010299088050935	0	0
0.0070209999999999995	TMEM130	0.775387595906431	0.002137	0.3010299088050935	0.002624	0.3010299088050935	0	0
1e-06	NME1	0.3010299088050935	1e-06	0.3010299088050935	1e-06	0.3010299088050935	0	0
0.000412	TREM2	0.3010299088050935	0.000458	0.3010299088050935	1e-06	0.3010299088050935	0	0
0.003276	LRRC17	0.3010299088050935	0.002229	0.3010299088050935	0.002668	0.3010299088050935	0	0
1e-06	AP2S1	0.3010299088050935	1e-06	0.3010299088050935	1e-06	0.3010299088050935	0	0
0.003046	SMO	0.3010299088050935	0.003151	0.3010299088050935	0.003232	0.3010299088050935	0	0
0.000226	TCEB1	0.3010299088050935	1e-06	0.3010299088050935	1e-06	0.3010299088050935	0	0
0.004577	BCAP31	0.3010299088050935	0.0010609999999999999	0.3010299088050935	0.00199	0.3010299088050935	0	0
1e-06	ERLIN1	0.3010299088050935	1e-06	0.3010299088050935	1e-06	0.3010299088050935	0	0
1e-06	PNOC	0.3010299088050935			1e-06	0.3010299088050935	0	0
1e-06	NCF2	0.3010299088050935	1e-06	0.3010299088050935	1e-06	0.3010299088050935	0	0
0.0028699999999999997	COL1A2	0.3010299088050935	0.004312	0.3010299088050935	0.002407	0.3010299088050935	0	0
0.377344	HLA.DRB1	5.507176942635074	0.098951	5.343964620427526	0.098622	5.379586409848517	2	2
1e-06	TIGIT	0.3010299088050935	0.000732	0.3010299088050935	0.0005740000000000001	0.3010299088050935	0	0
1e-06	CD37	0.3010299088050935	1e-06	0.3010299088050935	1e-06	0.3010299088050935	0	0
1e-06	UBE2J1	0.3010299088050935	1e-06	0.3010299088050935	1e-06	0.3010299088050935	0	0
1e-06	CTLA4	0.3010299088050935	1e-06	0.3010299088050935	1e-06	0.3010299088050935	0	0
0.0008039999999999999	PRF1	0.3010299088050935	0.0009310000000000001	0.3010299088050935	0.001015	0.3010299088050935	0	0
1e-06	MAPRE1	0.3010299088050935	7.2e-05	0.3010299088050935	1e-06	0.3010299088050935	0	0
1e-06	USPL1	0.3010299088050935	1e-06	0.3010299088050935	1e-06	0.3010299088050935	0	0
0.00285	F3	0.3010299088050935	0.001575	0.3010299088050935	0.00214	0.3010299088050935	0	0
1e-06	LYAR	0.3010299088050935	0.000665	0.3010299088050935	0.000312	0.3010299088050935	0	0
0.007203	HSPG2	0.6549702406535608	0.004214	0.3010299088050935	0.00433	0.3010299088050935	0	0
1e-06	ERAP1	0.3010299088050935	1e-06	0.3010299088050935	0.000165	0.3010299088050935	0	0
0.001657	MARCKSL1	0.3010299088050935	0.000129	0.3010299088050935	0.000539	0.3010299088050935	0	0
1e-06	ICAM1	0.3010299088050935	1e-06	0.3010299088050935	1e-06	0.3010299088050935	0	0
0.001456	IFI16	0.3010299088050935	0.000172	0.3010299088050935	0.0008269999999999999	0.3010299088050935	0	0
1e-06	FPR3	0.3010299088050935	1e-06	0.3010299088050935	1e-06	0.3010299088050935	0	0
0.000152	MERTK	0.3010299088050935	0.000769	0.3010299088050935	0.001051	0.3010299088050935	0	0
1e-06	FAM216A	0.3010299088050935	1e-06	0.3010299088050935	1e-06	0.3010299088050935	0	0
0.00048600000000000005	TRAT1	0.3010299088050935	1e-06	0.3010299088050935	7.3e-05	0.3010299088050935	0	0
1e-06	MMP17	0.3010299088050935	1e-06	0.3010299088050935	1e-06	0.3010299088050935	0	0
0.001474	PSME2	0.3010299088050935	1e-06	0.3010299088050935	1e-06	0.3010299088050935	0	0
0.002301	SRM	0.3010299088050935	0.002356	0.3010299088050935	1.4000000000000001e-05	0.3010299088050935	0	0
0.0021149999999999997	LILRB2	0.3010299088050935	1e-06	0.3010299088050935	1e-06	0.3010299088050935	0	0
1e-06	GNPTAB	0.3010299088050935	0.000171	0.3010299088050935	0.00016999999999999999	0.3010299088050935	0	0
8.3e-05	MR1	0.3010299088050935	1e-06	0.3010299088050935	1e-06	0.3010299088050935	0	0
1e-06	CD79A	0.3010299088050935	1e-06	0.3010299088050935	1e-06	0.3010299088050935	0	0
1e-06	TUBA4A	0.3010299088050935	1e-06	0.3010299088050935	1e-06	0.3010299088050935	0	0
1e-06	LRRC40	0.3010299088050935	1e-06	0.3010299088050935	1e-06	0.3010299088050935	0	0
0.0012980000000000001	GZMH	0.3010299088050935	0.000941	0.3010299088050935	0.001355	0.3010299088050935	0	0
0.000745	TNFSF4	0.3010299088050935	0.0027170000000000002	0.3010299088050935	0.001756	0.3010299088050935	0	0
0.39786900000000003	PSMB9	5.507176942635074	0.018550999999999998	5.327641366473963	0.020135	5.379586409848517	0	2
0.00011599999999999999	HMHA1	0.3010299088050935	0.001135	0.3010299088050935	0.000352	0.3010299088050935	0	0
0.00039	ARF1	0.3010299088050935	1e-06	0.3010299088050935	1e-06	0.3010299088050935	0	0
1e-06	CHUK	0.3010299088050935	0.001819	0.3010299088050935	0.0017239999999999998	0.3010299088050935	0	0
1e-06	SKA1	0.3010299088050935	1e-06	0.3010299088050935	1e-06	0.3010299088050935	0	0
0.000262	PLCG2	0.3010299088050935	1e-06	0.3010299088050935	1e-06	0.3010299088050935	0	0
1e-06	NOTCH2	0.3010299088050935	1e-06	0.3010299088050935	1e-06	0.3010299088050935	0	0
0.0007769999999999999	SH2B3	0.3010299088050935	1e-06	0.3010299088050935	1e-06	0.3010299088050935	0	0
1e-06	LAIR1	0.3010299088050935	1e-06	0.3010299088050935	1e-06	0.3010299088050935	0	0
0.011004	BTN3A1	2.2657267616682932	0.005278	0.3093375609200165	0.006458	0.8577889582378432	0	0
0.000173	HERC6	0.3010299088050935	1e-06	0.3010299088050935	1e-06	0.3010299088050935	0	0
1e-06	CREBBP	0.3010299088050935	1e-06	0.3010299088050935	1e-06	0.3010299088050935	0	0
1e-06	PSMB7	0.3010299088050935	1e-06	0.3010299088050935	1e-06	0.3010299088050935	0	0
0.0036009999999999996	IFIT1	0.3010299088050935	0.002306	0.3010299088050935	0.0017050000000000001	0.3010299088050935	0	0
1e-06	CLTA	0.3010299088050935	1e-06	0.3010299088050935	1e-06	0.3010299088050935	0	0
1e-06	CTSV	0.3010299088050935	1e-06	0.3010299088050935	1e-06	0.3010299088050935	0	0
0.001978	VEGFB	0.3010299088050935	0.000463	0.3010299088050935	0.00039	0.3010299088050935	0	0
0.002186	ITGA5	0.3010299088050935	0.001439	0.3010299088050935	0.000655	0.3010299088050935	0	0
1e-06	MAGOHB	0.3010299088050935	1e-06	0.3010299088050935	1e-06	0.3010299088050935	0	0
0.001492	C1orf54	0.3010299088050935	0.000173	0.3010299088050935	0.001233	0.3010299088050935	0	0
0.000173	FCGR3B	0.3010299088050935	1e-06	0.3010299088050935	1e-06	0.3010299088050935	0	0
0.000149	LOXL2	0.3010299088050935	0.0023989999999999997	0.3010299088050935	0.001626	0.3010299088050935	0	0
1e-06	MMP19	0.3010299088050935	1e-06	0.3010299088050935	1e-06	0.3010299088050935	0	0
0.00045099999999999996	DYNC1LI1	0.3010299088050935	0.00044500000000000003	0.3010299088050935	0.000217	0.3010299088050935	0	0
0.00011899999999999999	melanoma.CAF	0.3010299088050935	0.002473	0.3010299088050935	0.002816	0.3010299088050935	0	0
1e-06	GZMA	0.3010299088050935	1e-06	0.3010299088050935	1e-06	0.3010299088050935	0	0
0.002271	COPS6	0.3010299088050935	0.0022530000000000002	0.3010299088050935	0.00126	0.3010299088050935	0	0
1e-06	IL2RA	0.3010299088050935	1e-06	0.3010299088050935	1e-06	0.3010299088050935	0	0
1e-06	APC	0.3010299088050935	1e-06	0.3010299088050935	1e-06	0.3010299088050935	0	0
1e-06	AP1S1	0.3010299088050935	1e-06	0.3010299088050935	1e-06	0.3010299088050935	0	0
1e-06	ICOS	0.3010299088050935	1e-06	0.3010299088050935	1e-06	0.3010299088050935	0	0
0.002393	PLAUR	0.3010299088050935	0.002659	0.3010299088050935	0.002022	0.3010299088050935	0	0
1e-06	IL12A	0.3010299088050935	1e-06	0.3010299088050935	1e-06	0.3010299088050935	0	0
0.001536	PSMB10	0.3010299088050935	0.0005139999999999999	0.3010299088050935	1e-06	0.3010299088050935	0	0
1e-06	HCK	0.3010299088050935	1e-06	0.3010299088050935	1e-06	0.3010299088050935	0	0
1e-06	ADGRE5	0.3010299088050935	1e-06	0.3010299088050935	1e-06	0.3010299088050935	0	0
0.003199	DDX60	0.3010299088050935	0.0036439999999999997	0.3010299088050935	0.002404	0.3010299088050935	0	0
1e-06	DCBLD2	0.3010299088050935	1e-06	0.3010299088050935	1e-06	0.3010299088050935	0	0
0.004646	DCTN5	0.34135367963407437	0.005147	0.6283153091779362	0.004443	0.3883213979554082	0	0
0.00147	PSMA5	0.3010299088050935	1e-06	0.3010299088050935	1e-06	0.3010299088050935	0	0
0.396723	HLA.E	5.507176942635074	0.0012929999999999999	0.3010299088050935	0.0026780000000000003	0.3010299088050935	0	0
0.000371	CALR	0.3010299088050935	1e-06	0.3010299088050935	1e-06	0.3010299088050935	0	0
1e-06	LSM3	0.3010299088050935	1e-06	0.3010299088050935	1e-06	0.3010299088050935	0	0
1e-06	MNAT1	0.3010299088050935	1e-06	0.3010299088050935	1e-06	0.3010299088050935	0	0
1e-06	CD84	0.3010299088050935	1e-06	0.3010299088050935	1e-06	0.3010299088050935	0	0
1e-06	MYBL1	0.3010299088050935	1e-06	0.3010299088050935	1e-06	0.3010299088050935	0	0
1e-06	CENPJ	0.3010299088050935	0.002072	0.3010299088050935	0.000484	0.3010299088050935	0	0
1e-06	LSM4	0.3010299088050935	1e-06	0.3010299088050935	1e-06	0.3010299088050935	0	0
0.000688	CD52	0.3010299088050935	1e-06	0.3010299088050935	1e-06	0.3010299088050935	0	0
8.3e-05	IKBKG	0.3010299088050935	0.000165	0.3010299088050935	0.000368	0.3010299088050935	0	0
0.00313	KLC1	0.3010299088050935	0.000661	0.3010299088050935	1e-06	0.3010299088050935	0	0
1e-06	PYCARD	0.3010299088050935	1e-06	0.3010299088050935	1e-06	0.3010299088050935	0	0
1e-06	WDR77	0.3010299088050935	1e-06	0.3010299088050935	1e-06	0.3010299088050935	0	0
0.0035600000000000002	DCTN2	0.3010299088050935	1e-06	0.3010299088050935	1e-06	0.3010299088050935	0	0
0.558462	HLA.B	5.507176942635074	0.021205	5.343964620427526	0.021905	5.379586409848517	0	2
0.00042699999999999997	PSMA2	0.3010299088050935	1e-06	0.3010299088050935	1e-06	0.3010299088050935	0	0
1e-06	CTSD	0.3010299088050935	1e-06	0.3010299088050935	1e-06	0.3010299088050935	0	0
0.0001	MPP1	0.3010299088050935	1e-06	0.3010299088050935	1e-06	0.3010299088050935	0	0
0.00125	TPM2	0.3010299088050935	0.001539	0.3010299088050935	0.000338	0.3010299088050935	0	0
0.0006450000000000001	LRMP	0.3010299088050935	1e-06	0.3010299088050935	1e-06	0.3010299088050935	0	0
1e-06	TLR4	0.3010299088050935	1e-06	0.3010299088050935	1e-06	0.3010299088050935	0	0
0.00488	NEO1	0.3010299088050935	0.00135	0.3010299088050935	0.001984	0.3010299088050935	0	0
0.005142	HMGN2	0.3010299088050935	0.000535	0.3010299088050935	0.000303	0.3010299088050935	0	0
1e-06	CBX1	0.3010299088050935	1e-06	0.3010299088050935	1e-06	0.3010299088050935	0	0
0.45863400000000004	HLA.DQB1	5.507176942635074	0.196873	5.343964620427526	0.195526	5.379586409848517	2	2
0.006176	IFI6	0.3010299088050935	1e-06	0.3010299088050935	0.00013700000000000002	0.3010299088050935	0	0
0.005637	WSB2	0.9762433593495998	0.002091	0.3010299088050935	0.0027010000000000003	0.3010299088050935	0	0
0.0009609999999999999	CD27	0.3010299088050935	1e-06	0.3010299088050935	1e-06	0.3010299088050935	0	0
1e-06	CD3G	0.3010299088050935	1e-06	0.3010299088050935	1e-06	0.3010299088050935	0	0
0.000207	GNG11	0.3010299088050935	1e-06	0.3010299088050935	1e-06	0.3010299088050935	0	0
0.000172	CTSC	0.3010299088050935	0.0032450000000000005	0.3010299088050935	0.001486	0.3010299088050935	0	0
1e-06	TBXAS1	0.3010299088050935	1e-06	0.3010299088050935	1e-06	0.3010299088050935	0	0
1e-06	DCK	0.3010299088050935	1e-06	0.3010299088050935	1e-06	0.3010299088050935	0	0
1e-06	TNFRSF18	0.3010299088050935	1e-06	0.3010299088050935	1e-06	0.3010299088050935	0	0
1e-06	H2AFZ	0.3010299088050935	1e-06	0.3010299088050935	1e-06	0.3010299088050935	0	0
1e-06	CD36	0.3010299088050935	1e-06	0.3010299088050935	1e-06	0.3010299088050935	0	0
1e-06	HAVCR2	0.3010299088050935	1e-06	0.3010299088050935	1e-06	0.3010299088050935	0	0
0.00236	NKG7	0.3010299088050935	0.0015869999999999999	0.3010299088050935	0.002065	0.3010299088050935	0	0
0.00036	THBS2	0.3010299088050935	0.00049	0.3010299088050935	1e-06	0.3010299088050935	0	0
1e-06	OSBPL3	0.3010299088050935	0.003196	0.3010299088050935	0.002095	0.3010299088050935	0	0
1e-06	PGM2	0.3010299088050935	1e-06	0.3010299088050935	1e-06	0.3010299088050935	0	0
9e-06	SEC31A	0.3010299088050935	0.0022530000000000002	0.3010299088050935	0.0015	0.3010299088050935	0	0
1e-06	AP1B1	0.3010299088050935	0.000504	0.3010299088050935	0.000269	0.3010299088050935	0	0
0.002853	RNF41	0.3010299088050935	0.002134	0.3010299088050935	0.00302	0.3010299088050935	0	0
1e-06	DCLRE1B	0.3010299088050935	0.0011380000000000001	0.3010299088050935	0.000666	0.3010299088050935	0	0
6.1e-05	LAG3	0.3010299088050935	0.000196	0.3010299088050935	0.00020099999999999998	0.3010299088050935	0	0
1e-06	ITGAV	0.3010299088050935	1e-06	0.3010299088050935	1e-06	0.3010299088050935	0	0
0.001731	IPO4	0.3010299088050935	1e-06	0.3010299088050935	0.000704	0.3010299088050935	0	0
0.00016	TGFBR1	0.3010299088050935	0.000866	0.3010299088050935	0.0008320000000000001	0.3010299088050935	0	0
1e-06	EFNA5	0.3010299088050935	9.1e-05	0.3010299088050935	1e-06	0.3010299088050935	0	0
1e-06	ARHGAP1	0.3010299088050935	1e-06	0.3010299088050935	1e-06	0.3010299088050935	0	0
0.002121	FAM89B	0.3010299088050935	0.000103	0.3010299088050935	1e-06	0.3010299088050935	0	0
0.003333	OAS1	0.3010299088050935	0.00426	0.3010299088050935	0.0029920000000000003	0.3010299088050935	0	0
0.001192	RAB6A	0.3010299088050935	0.001296	0.3010299088050935	0.001098	0.3010299088050935	0	0
0.001417	TUBG1	0.3010299088050935	1e-06	0.3010299088050935	1e-06	0.3010299088050935	0	0
0.00022400000000000002	TNFRSF4	0.3010299088050935	0.00022999999999999998	0.3010299088050935	0.000319	0.3010299088050935	0	0
1e-06	PLG	0.3010299088050935					0	0
1e-06	SMAD7	0.3010299088050935	1e-06	0.3010299088050935	1e-06	0.3010299088050935	0	0
1e-06	IL7R	0.3010299088050935	1e-06	0.3010299088050935	1e-06	0.3010299088050935	0	0
0.003992	TRA2B	0.3010299088050935	1e-06	0.3010299088050935	1e-06	0.3010299088050935	0	0
1e-06	CD8B	0.3010299088050935	1e-06	0.3010299088050935	1e-06	0.3010299088050935	0	0
0.001306	EPHA2	0.3010299088050935	1e-06	0.3010299088050935	1e-06	0.3010299088050935	0	0
1e-06	NPL	0.3010299088050935	1e-06	0.3010299088050935	1e-06	0.3010299088050935	0	0
0.001852	VCAN	0.3010299088050935	0.0037070000000000002	0.3010299088050935	0.002503	0.3010299088050935	0	0
0.001175	KIF3A	0.3010299088050935	0.0019649999999999997	0.3010299088050935	0.0009429999999999999	0.3010299088050935	0	0
1e-06	FCGR1A	0.3010299088050935	1e-06	0.3010299088050935	1e-06	0.3010299088050935	0	0
0.0008449999999999999	DYNLL2	0.3010299088050935	0.0014990000000000001	0.3010299088050935	0.001559	0.3010299088050935	0	0
0.007281999999999999	dice.M2	2.127963292401569	0.001641	0.3010299088050935	0.001446	0.3010299088050935	0	0
1e-06	RHOA	0.3010299088050935	1e-06	0.3010299088050935	1e-06	0.3010299088050935	0	0
1e-06	DAPK1	0.3010299088050935	1e-06	0.3010299088050935	1e-06	0.3010299088050935	0	0
1e-06	JUNB	0.3010299088050935	1e-06	0.3010299088050935	1e-06	0.3010299088050935	0	0
1e-06	LAPTM5	0.3010299088050935	1e-06	0.3010299088050935	1e-06	0.3010299088050935	0	0
1e-06	TCF7L2	0.3010299088050935	1e-06	0.3010299088050935	1e-06	0.3010299088050935	0	0
1e-06	TNFRSF12A	0.3010299088050935	1e-06	0.3010299088050935	1e-06	0.3010299088050935	0	0
0.00057	AZGP1	0.3010299088050935	0.001936	0.3010299088050935	0.00031600000000000004	0.3010299088050935	0	0
1e-06	CCBL2	0.3010299088050935	0.002516	0.3010299088050935	0.003016	0.3010299088050935	0	0
1e-06	HNRNPA2B1	0.3010299088050935	1e-06	0.3010299088050935	1e-06	0.3010299088050935	0	0
1e-06	JAK2	0.3010299088050935	1e-06	0.3010299088050935	1e-06	0.3010299088050935	0	0
0.001797	CORO1A	0.3010299088050935	1e-06	0.3010299088050935	1e-06	0.3010299088050935	0	0
0.000181	CD44	0.3010299088050935	1e-06	0.3010299088050935	1e-06	0.3010299088050935	0	0
1e-06	CD244	0.3010299088050935	1e-06	0.3010299088050935	1e-06	0.3010299088050935	0	0
1e-06	MYO1F	0.3010299088050935	1e-06	0.3010299088050935	1e-06	0.3010299088050935	0	0
1e-06	CECR1	0.3010299088050935	1e-06	0.3010299088050935	1e-06	0.3010299088050935	0	0
1e-06	PSMC1	0.3010299088050935	1e-06	0.3010299088050935	1e-06	0.3010299088050935	0	0
1e-06	WDR54	0.3010299088050935	1e-06	0.3010299088050935	1e-06	0.3010299088050935	0	0
0.0041270000000000005	CAPZB	0.3010299088050935	0.0016129999999999999	0.3010299088050935	0.000927	0.3010299088050935	0	0
0.00023500000000000002	SLC16A1	0.3010299088050935	0.004294	0.3010299088050935	0.003	0.3010299088050935	0	0
0.001478	ZFYVE9	0.3010299088050935	0.001135	0.3010299088050935	0.001627	0.3010299088050935	0	0
1e-06	LY86	0.3010299088050935	1e-06	0.3010299088050935	1e-06	0.3010299088050935	0	0
1e-06	TNF	0.3010299088050935	1e-06	0.3010299088050935	1e-06	0.3010299088050935	0	0
1e-06	SELPLG	0.3010299088050935	1e-06	0.3010299088050935	1e-06	0.3010299088050935	0	0
1e-06	CXCR4	0.3010299088050935	1e-06	0.3010299088050935	1e-06	0.3010299088050935	0	0
0.000276	CD276	0.3010299088050935	1e-06	0.3010299088050935	1e-06	0.3010299088050935	0	0
1e-06	MS4A2	0.3010299088050935					0	0
1e-06	ACTL6A	0.3010299088050935	0.0005200000000000001	0.3010299088050935	0.000443	0.3010299088050935	0	0
1e-06	BTK	0.3010299088050935	1e-06	0.3010299088050935	1e-06	0.3010299088050935	0	0
1e-06	GIMAP4	0.3010299088050935	1e-06	0.3010299088050935	1e-06	0.3010299088050935	0	0
1e-06	PSMC6	0.3010299088050935	1e-06	0.3010299088050935	1e-06	0.3010299088050935	0	0
0.003715	RPN1	0.3010299088050935	0.003662	0.3010299088050935	0.004121	0.3010299088050935	0	0
0.001194	CPEB4	0.3010299088050935	0.0004980000000000001	0.3010299088050935	0.00065	0.3010299088050935	0	0
0.000627	SPAG17	0.3010299088050935	0.000147	0.3010299088050935	1e-06	0.3010299088050935	0	0
1e-06	NUTF2	0.3010299088050935	1e-06	0.3010299088050935	1e-06	0.3010299088050935	0	0
0.006790000000000001	TCL1A	0.36091906908488347					0	0
0.0008320000000000001	TNFSF13B	0.3010299088050935	0.000295	0.3010299088050935	1e-06	0.3010299088050935	0	0
0.004122	BSG	0.3010299088050935	0.00294	0.3010299088050935	0.00297	0.3010299088050935	0	0
0.000128	PSMD4	0.3010299088050935	0.000371	0.3010299088050935	0.000983	0.3010299088050935	0	0
0.002602	COL8A1	0.3010299088050935	0.003311	0.3010299088050935	0.0016179999999999999	0.3010299088050935	0	0
1e-06	UQCR10	0.3010299088050935	1e-06	0.3010299088050935	1e-06	0.3010299088050935	0	0
0.002618	CASP1	0.3010299088050935	0.000683	0.3010299088050935	0.001302	0.3010299088050935	0	0
1e-06	CD1D	0.3010299088050935	1e-06	0.3010299088050935	1e-06	0.3010299088050935	0	0
1e-06	VAMP3	0.3010299088050935	1e-06	0.3010299088050935	1e-06	0.3010299088050935	0	0
1e-06	PSMD13	0.3010299088050935	1e-06	0.3010299088050935	1e-06	0.3010299088050935	0	0
1e-06	PAK2	0.3010299088050935	0.005449	0.3010299088050935	0.002157	0.3010299088050935	0	0
0.0010429999999999999	MRTO4	0.3010299088050935	1e-06	0.3010299088050935	1e-06	0.3010299088050935	0	0
1e-06	CD1C	0.3010299088050935	1e-06	0.3010299088050935	1e-06	0.3010299088050935	0	0
1e-06	LCP1	0.3010299088050935	1e-06	0.3010299088050935	1e-06	0.3010299088050935	0	0
0.001516	TBX21	0.3010299088050935	0.0009220000000000001	0.3010299088050935	0.000947	0.3010299088050935	0	0
0.000672	PSMD14	0.3010299088050935	1e-06	0.3010299088050935	6e-06	0.3010299088050935	0	0
1e-06	RAB8B	0.3010299088050935	1e-06	0.3010299088050935	1e-06	0.3010299088050935	0	0
0.0016079999999999998	CTNNB1	0.3010299088050935	1e-06	0.3010299088050935	0.000562	0.3010299088050935	0	0
0.0008	ZYX	0.3010299088050935	1e-06	0.3010299088050935	1e-06	0.3010299088050935	0	0
0.004801	PSMD3	0.3010299088050935	0.000167	0.3010299088050935	1e-06	0.3010299088050935	0	0
1e-06	IGF2R	0.3010299088050935	0.0010429999999999999	0.3010299088050935	1e-06	0.3010299088050935	0	0
0.0027600000000000003	CANX	0.3010299088050935	0.0016640000000000001	0.3010299088050935	0.001984	0.3010299088050935	0	0
	HLA.G		0.178115	5.343964620427526	0.1773	5.379586409848517	2	2
	HLA.H		0.039355	5.343964620427526	0.038409	5.379586409848517	0	2
	PSMB3		1e-06	0.3010299088050935	1e-06	0.3010299088050935	0	0
	HLA.DRA		0.00021400000000000002	0.3010299088050935	0.00048300000000000003	0.3010299088050935	0	0
	HLA.DOA		0.005821	0.3010299088050935	0.006690000000000001	0.35498019573283973	0	0
	HLA.DQB2		0.088225	5.343964620427526	0.08997000000000001	5.379586409848517	2	2
	HLA.DOB		0.035361000000000004	5.343964620427526	0.036476	5.379586409848517	0	2
	NCF4		1e-06	0.3010299088050935	1e-06	0.3010299088050935	0	0
	AP2A2		1e-06	0.3010299088050935	1e-06	0.3010299088050935	0	0
	HLA.DPB1		0.018014	4.558668853696025	0.016390000000000002	4.149556564590537	0	2
	KIF4B		0.00125	0.3010299088050935	0.0007769999999999999	0.3010299088050935	0	0
	LM22.T.cells.CD4.memory.resting		1e-06	0.3010299088050935	1e-06	0.3010299088050935	0	0
